rank,name,positive ratings,negative ratings,total reviews,rating percentage
1.,Portal 2,"401,349","5,312","406,661",97.70%
2.,Stardew Valley,"747,919","12,739","760,658",97.51%
3.,People Playground,"256,855","3,615","260,470",97.47%
4.,Vampire Survivors,"232,095","3,542","235,637",97.33%
5.,Hades,"263,680","4,541","268,221",97.19%
6.,Portal,"162,350","2,528","164,878",97.16%
7.,HoloCure - Save the Fans!,"30,955",239,"31,194",97.05%
8.,Terraria,"1,303,041","33,014","1,336,055",96.85%
9.,RimWorld,"190,515","3,902","194,417",96.77%
10.,Half-Life: Alyx,"90,151","1,547","91,698",96.76%
11.,Left 4 Dead 2,"867,662","22,184","889,846",96.74%
12.,The Henry Stickmin Collection,"45,901",624,"46,525",96.74%
13.,Senren＊Banka,"26,092",260,"26,352",96.73%
14.,Pizza Tower,"60,570",971,"61,541",96.67%
15.,A Short Hike,"17,114",137,"17,251",96.60%
16.,Euro Truck Simulator 2,"781,905","21,153","803,058",96.58%
17.,Slay the Spire,"162,279","3,568","165,847",96.56%
18.,Slime Rancher,"122,498","2,601","125,099",96.52%
19.,ULTRAKILL,"126,315","2,765","129,080",96.47%
20.,Mount & Blade: Warband,"159,329","3,691","163,020",96.45%
21.,Totally Accurate Battle Simulator,"125,206","2,775","127,981",96.44%
22.,The Binding of Isaac: Rebirth,"294,207","7,583","301,790",96.42%
23.,Half-Life 2,"195,614","4,841","200,455",96.38%
24.,OneShot,"46,464",816,"47,280",96.38%
25.,Cats Hidden in Jingle Jam,"9,156",41,"9,197",96.38%
26.,Lethal Company,"424,130","11,749","435,879",96.36%
27.,Helltaker,"117,951","2,688","120,639",96.36%
28.,VPet,"41,560",712,"42,272",96.36%
29.,Cats Hidden in Paris,"16,300",166,"16,466",96.36%
30.,Katana ZERO,"66,436","1,328","67,764",96.35%
31.,Counter-Strike,"234,970","6,191","241,161",96.30%
32.,Resident Evil 4,"144,960","3,541","148,501",96.29%
33.,Bloons TD 6,"320,153","8,876","329,029",96.27%
34.,BeamNG.drive,"267,054","7,297","274,351",96.25%
35.,Plants vs. Zombies: Game of the Year,"128,609","3,205","131,814",96.20%
36.,Papa's Freezeria Deluxe,"9,440",68,"9,508",96.16%
37.,ATRI -My Dear Moments-,"18,715",257,"18,972",96.14%
38.,Deep Rock Galactic,"303,131","8,803","311,934",96.13%
39.,Hollow Knight,"361,198","10,758","371,956",96.12%
40.,Dyson Sphere Program,"79,350","1,904","81,254",96.07%
41.,Entropy : Zero 2,"24,816",418,"25,234",96.06%
42.,Dishonored,"78,162","1,884","80,046",96.05%
43.,Celeste,"105,047","2,698","107,745",96.04%
44.,A Hat in Time,"49,280","1,065","50,345",96.04%
45.,Garry's Mod,"1,066,252","35,902","1,102,154",96.03%
46.,Rhythm Doctor,"19,949",317,"20,266",95.99%
47.,tModLoader,"265,176","8,013","273,189",95.98%
48.,The WereCleaner,"5,850",22,"5,872",95.98%
49.,Baldur's Gate 3,"640,329","21,197","661,526",95.97%
50.,Stray,"141,439","3,956","145,395",95.96%
51.,Firework,"38,760",817,"39,577",95.96%
52.,Our Life: Beginnings & Always,"11,447",131,"11,578",95.95%
53.,The Room 4: Old Sins,"14,861",212,"15,073",95.91%
54.,Sheepy: A Short Adventure,"11,361",134,"11,495",95.91%
55.,South Park™: The Stick of Truth™,"61,121","1,511","62,632",95.88%
56.,The Chronicles Of Myrtana: Archolos,"14,640",211,"14,851",95.88%
57.,Grimm's Hollow,"13,232",181,"13,413",95.87%
58.,Dead Cells,"153,748","4,521","158,269",95.86%
59.,Subnautica,"275,696","8,817","284,513",95.83%
60.,Volcano Princess,"35,292",785,"36,077",95.79%
61.,TOEM,"6,853",53,"6,906",95.79%
62.,DAVE THE DIVER,"108,123","3,118","111,241",95.77%
63.,OMORI,"71,582","1,911","73,493",95.77%
64.,The Wolf Among Us,"33,196",738,"33,934",95.76%
65.,Chants of Sennaar,"16,386",274,"16,660",95.76%
66.,Hotline Miami,"95,791","2,752","98,543",95.73%
67.,Resident Evil 2,"156,121","4,899","161,020",95.69%
68.,Crab Champions,"23,160",479,"23,639",95.66%
69.,Brotato,"77,803","2,221","80,024",95.65%
70.,Balatro,"49,571","1,293","50,864",95.64%
71.,The Room,"26,851",590,"27,441",95.64%
72.,Neon White,"15,648",279,"15,927",95.63%
73.,"Papers, Please","68,775","1,940","70,715",95.62%
74.,STAR WARS™ Empire at War: Gold Pack,"36,200",884,"37,084",95.61%
75.,Steam Engine Simulator,"7,240",76,"7,316",95.60%
76.,BattleBlock Theater,"68,927","1,963","70,890",95.59%
77.,Factorio,"184,069","6,110","190,179",95.58%
78.,Satisfactory,"180,597","5,991","186,588",95.58%
79.,The Walking Dead,"67,473","1,923","69,396",95.58%
80.,Pineapple on pizza,"22,347",479,"22,826",95.57%
81.,Inscryption,"116,790","3,697","120,487",95.55%
82.,Undertale,"231,581","7,996","239,577",95.54%
83.,Phoenix Wright: Ace Attorney Trilogy,"32,334",789,"33,123",95.54%
84.,American Truck Simulator,"156,303","5,176","161,479",95.53%
85.,VTOL VR,"17,072",339,"17,411",95.51%
86.,Black Myth: Wukong,"888,106","34,930","923,036",95.48%
87.,东方夜雀食堂 - Touhou Mystia's Izakaya,"23,659",540,"24,199",95.48%
88.,Placid Plastic Duck Simulator,"14,843",284,"15,127",95.47%
89.,Project Kat - Paper Lily Prologue,"4,884",35,"4,919",95.47%
90.,VA-11 Hall-A: Cyberpunk Bartender Action,"33,967",873,"34,840",95.46%
91.,There Is No Game: Wrong Dimension,"21,724",490,"22,214",95.45%
92.,CLANNAD,"8,914",128,"9,042",95.45%
93.,Persona 4 Golden,"70,262","2,128","72,390",95.44%
94.,Bomb Rush Cyberfunk,"11,180",190,"11,370",95.42%
95.,Baba Is You,"20,247",457,"20,704",95.39%
96.,Oxygen Not Included,"115,767","3,866","119,633",95.38%
97.,One Finger Death Punch,"15,904",336,"16,240",95.34%
98.,PowerWash Simulator,"45,259","1,309","46,568",95.33%
99.,Finding Paradise,"17,446",384,"17,830",95.33%
100.,The Witcher 3: Wild Hunt,"767,446","31,333","798,779",95.31%
101.,Doki Doki Literature Club,"195,628","7,126","202,754",95.31%
102.,Hi-Fi RUSH,"31,011",828,"31,839",95.31%
103.,The Room Two,"18,454",420,"18,874",95.31%
104.,Don't Starve,"104,170","3,537","107,707",95.29%
105.,SANABI,"29,047",769,"29,816",95.29%
106.,魔女的夜宴,"6,302",78,"6,380",95.29%
107.,Fields of Mistria,"9,526",163,"9,689",95.27%
108.,Ori and the Will of the Wisps,"126,264","4,443","130,707",95.26%
109.,POSTAL 2,"101,398","3,459","104,857",95.26%
110.,Ravenfield,"67,368","2,160","69,528",95.26%
111.,Broforce,"55,828","1,738","57,566",95.25%
112.,Dishonored RHCP,"13,313",275,"13,588",95.24%
113.,Wobbledogs,"10,465",193,"10,658",95.23%
114.,Persona 5 Royal,"79,278","2,646","81,924",95.22%
115.,Iron Snout,"16,902",390,"17,292",95.21%
116.,Before Your Eyes,"14,495",315,"14,810",95.21%
117.,20 Small Mazes,"5,742",70,"5,812",95.20%
118.,A Castle Full of Cats,"3,604",22,"3,626",95.20%
119.,Half-Life,"128,889","4,653","133,542",95.18%
120.,Just Shapes & Beats,"19,769",489,"20,258",95.18%
121.,INSIDE,"60,440","1,959","62,399",95.17%
122.,The Case of the Golden Idol,"6,942",103,"7,045",95.17%
123.,Paper Lily - Chapter 1,"4,251",37,"4,288",95.17%
124.,Cookie Clicker,"67,831","2,250","70,081",95.16%
125.,Half-Life 2: Episode Two,"40,318","1,218","41,536",95.15%
126.,星空列车与白的旅行,"4,284",39,"4,323",95.15%
127.,Juice Galaxy,"5,903",79,"5,982",95.13%
128.,An Arcade Full of Cats,"6,030",83,"6,113",95.12%
129.,Phasmophobia,"682,051","29,094","711,145",95.11%
130.,Stronghold Crusader HD,"18,000",445,"18,445",95.11%
131.,Cuphead,"163,922","6,255","170,177",95.09%
132.,Gorogoa,"16,353",395,"16,748",95.09%
133.,Outlast,"114,638","4,212","118,850",95.08%
134.,DUSK,"21,762",579,"22,341",95.08%
135.,Counter-Strike: Source,"168,403","6,484","174,887",95.07%
136.,shapez 2,"7,291",120,"7,411",95.07%
137.,A Date with Death,"6,885",109,"6,994",95.07%
138.,Patrick's Parabox,"3,588",27,"3,615",95.07%
139.,"Please, Touch The Artwork 2","3,301",21,"3,322",95.07%
140.,Lil Gator Game,"4,237",42,"4,279",95.06%
141.,Keep Talking and Nobody Explodes,"13,703",316,"14,019",95.05%
142.,Kind Words,"8,655",161,"8,816",95.05%
143.,Purrgatory,"4,172",41,"4,213",95.05%
144.,Blade & Sorcery,"51,501","1,697","53,198",95.04%
145.,STEINS;GATE,"17,103",433,"17,536",95.02%
146.,Tomb Raider,"227,552","9,183","236,735",95.01%
147.,Tales of the Black Forest,"12,576",287,"12,863",95.00%
148.,Fallout: New Vegas,"208,866","8,442","217,308",94.97%
149.,Sid Meier's Civilization V,"191,892","7,711","199,603",94.97%
150.,Touhou Luna Nights,"13,196",314,"13,510",94.95%
151.,CULTIC,"6,137",97,"6,234",94.95%
152.,Epic Battle Fantasy 5,"5,165",71,"5,236",94.95%
153.,Life is Strange™,"159,921","6,357","166,278",94.94%
154.,GRIS,"71,367","2,567","73,934",94.94%
155.,The Murder of Sonic the Hedgehog,"21,121",590,"21,711",94.94%
156.,文字遊戲：第零章,"4,469",54,"4,523",94.93%
157.,I Wani Hug that Gator!,"3,205",24,"3,229",94.93%
158.,Ib,"3,811",39,"3,850",94.91%
159.,A Building Full of Cats,"3,695",36,"3,731",94.91%
160.,Webbed,"12,769",307,"13,076",94.90%
161.,东北之夏,"11,654",271,"11,925",94.90%
162.,God of War,"137,047","5,455","142,502",94.88%
163.,Trombone Champ,"9,010",189,"9,199",94.87%
164.,Tactical Breach Wizards,"5,463",84,"5,547",94.87%
165.,Riddle Joker,"5,398",85,"5,483",94.82%
166.,Slay the Princess,"14,640",386,"15,026",94.81%
167.,Virtual Cottage,"9,478",210,"9,688",94.81%
168.,Cube Escape Collection,"6,087",106,"6,193",94.80%
169.,The Hungry Lamb: Traveling in the Late Ming Dynasty,"36,399","1,221","37,620",94.79%
170.,Sally Face - Episode One,"19,585",569,"20,154",94.79%
171.,Gunpoint,"12,620",319,"12,939",94.79%
172.,To the Moon,"74,228","2,822","77,050",94.77%
173.,山河旅探 Murders on the Yangtze River,"13,065",336,"13,401",94.77%
174.,100 hidden frogs,"5,767",99,"5,866",94.77%
175.,Castle Crashers,"113,583","4,570","118,153",94.76%
176.,Don't Starve Together,"448,018","20,395","468,413",94.75%
177.,The Expendabros,"17,604",503,"18,107",94.75%
178.,Outcore,"13,030",339,"13,369",94.75%
179.,Clone Drone in the Danger Zone,"28,763",936,"29,699",94.74%
180.,Lost in Play,"5,802",102,"5,904",94.74%
181.,Divinity: Original Sin 2,"175,527","7,482","183,009",94.72%
182.,"Hot Dogs, Horseshoes & Hand Grenades","20,132",605,"20,737",94.72%
183.,Eternal Senia,"11,602",292,"11,894",94.72%
184.,West of Loathing,"9,148",209,"9,357",94.72%
185.,Underground Blossom,"5,501",94,"5,595",94.72%
186.,Milk inside a bag of milk inside a bag of milk,"25,671",823,"26,494",94.71%
187.,Fran Bow,"16,768",482,"17,250",94.70%
188.,The Last Campfire,"10,615",261,"10,876",94.70%
189.,Gravitas,"6,552",129,"6,681",94.68%
190.,Milk outside a bag of milk outside a bag of milk,"15,424",438,"15,862",94.67%
191.,The Forest,"533,430","25,086","558,516",94.66%
192.,Summer Pockets,"3,564",43,"3,607",94.66%
193.,LIZARDS MUST DIE,"24,423",790,"25,213",94.65%
194.,Wobbly Life,"22,165",700,"22,865",94.65%
195.,Batman: Arkham Asylum GOTY Edition,"64,481","2,494","66,975",94.64%
196.,Duck Game,"36,572","1,290","37,862",94.64%
197.,東方天空璋 ～ Hidden Star in Four Seasons.,"4,406",67,"4,473",94.64%
198.,Super Hexagon,"23,641",764,"24,405",94.63%
199.,Left 4 Dead,"55,584","2,120","57,704",94.62%
200.,Return of the Obra Dinn,"25,483",840,"26,323",94.62%
201.,Kingdom Rush,"13,464",373,"13,837",94.62%
202.,Mon Bazou,"12,637",345,"12,982",94.61%
203.,Doki Doki Literature Club Plus!,"23,892",784,"24,676",94.59%
204.,The Test,"19,069",593,"19,662",94.59%
205.,SuchArt: Creative Space,"6,720",141,"6,861",94.59%
206.,Aventura Copilului Albastru și Urât,"2,418",17,"2,435",94.59%
207.,Monument Valley,"4,590",76,"4,666",94.57%
208.,The Supper,"3,758",52,"3,810",94.57%
209.,Crime Scene Cleaner,"8,805",214,"9,019",94.56%
210.,The Looker,"13,440",386,"13,826",94.53%
211.,WolfQuest: Anniversary Edition,"8,342",201,"8,543",94.52%
212.,第七号列车 - Train No. 7,"6,369",135,"6,504",94.52%
213.,Mirror,"82,915","3,441","86,356",94.51%
214.,Until Then,"3,381",44,"3,425",94.51%
215.,MADNESS: Project Nexus,"14,321",425,"14,746",94.50%
216.,Hylics,"5,164",97,"5,261",94.50%
217.,Maitetsu:Last Run!!,"4,132",66,"4,198",94.50%
218.,Devil May Cry 5,"124,890","5,464","130,354",94.49%
219.,Cruelty Squad,"17,883",568,"18,451",94.48%
220.,METAL GEAR RISING: REVENGEANCE,"75,144","3,115","78,259",94.47%
221.,箭箭剑 Arrow a Row,"14,747",446,"15,193",94.47%
222.,Zup! S,"13,807",409,"14,216",94.47%
223.,Pseudoregalia,"11,335",316,"11,651",94.47%
224.,Mark of the Ninja,"15,340",472,"15,812",94.46%
225.,Marvel’s Spider-Man Remastered,"95,709","4,119","99,828",94.44%
226.,SIGNALIS,"20,184",671,"20,855",94.44%
227.,Fear & Hunger 2: Termina,"8,587",220,"8,807",94.42%
228.,买个可乐饼吧！ - Buy a Croquette!,"2,350",20,"2,370",94.42%
229.,LEGO® Star Wars™: The Complete Saga,"22,047",756,"22,803",94.41%
230.,The Test: Final Revelation,"5,174",103,"5,277",94.41%
231.,Cafe Stella,"4,356",77,"4,433",94.41%
232.,Batman: Arkham City GOTY,"61,343","2,527","63,870",94.40%
233.,Dorfromantik,"25,538",909,"26,447",94.39%
234.,海沙风云 Far Away,"6,426",146,"6,572",94.39%
235.,Alba: A Wildlife Adventure,"5,839",126,"5,965",94.39%
236.,Summer Clover,"3,832",62,"3,894",94.39%
237.,Cube Escape: Paradox,"9,459",256,"9,715",94.38%
238.,Post Void,"9,991",277,"10,268",94.37%
239.,planetarian HD,"2,726",31,"2,757",94.37%
240.,NEKOPARA Vol. 2,"12,130",361,"12,491",94.36%
241.,Bloody Hell,"5,114",104,"5,218",94.36%
242.,乡村狂想曲,"14,711",465,"15,176",94.35%
243.,The Walking Dead: Season Two,"29,253","1,088","30,341",94.34%
244.,The Coffin of Andy and Leyley,"22,491",792,"23,283",94.34%
245.,Half-Life 2: VR Mod,"6,009",135,"6,144",94.34%
246.,巫兎 - KANNAGI USAGI -,"5,708",125,"5,833",94.34%
247.,Crow Country,"3,359",50,"3,409",94.34%
248.,Age of Empires II (2013),"95,956","4,245","100,201",94.33%
249.,Stacklands,"23,557",847,"24,404",94.31%
250.,The Upturned,"2,077",16,"2,093",94.31%
251.,Thronefall,"14,582",468,"15,050",94.30%
252.,Psychopomp,"4,183",77,"4,260",94.30%
253.,Aokana - EXTRA2,"1,548",4,"1,552",94.30%
254.,Sekiro™: Shadows Die Twice,"286,145","14,075","300,220",94.29%
255.,NEKOPARA Vol. 4,"8,230",219,"8,449",94.29%
256.,Peggle Deluxe,"8,887",245,"9,132",94.28%
257.,Dying Light,"409,692","20,754","430,446",94.27%
258.,DOOM,"185,890","8,893","194,783",94.27%
259.,Tiny Bunny,"17,999",616,"18,615",94.27%
260.,BAD END THEATER,"7,243",185,"7,428",94.26%
261.,Your Only Move Is HUSTLE,"24,389",899,"25,288",94.25%
262.,The Test: Hypothesis Rising,"5,665",129,"5,794",94.25%
263.,Aokana - Four Rhythms Across the Blue,"5,160",112,"5,272",94.25%
264.,The Walking Dead: The Telltale Definitive Series,"22,041",797,"22,838",94.24%
265.,Samsara Room,"8,380",229,"8,609",94.24%
266.,Kindergarten 2,"4,434",88,"4,522",94.24%
267.,Resident Evil Village,"106,413","4,895","111,308",94.22%
268.,Handshakes,"2,375",26,"2,401",94.22%
269.,Unheard,"29,184","1,127","30,311",94.21%
270.,Bopl Battle,"12,291",388,"12,679",94.21%
271.,NEKOPARA Vol. 3,"11,474",354,"11,828",94.21%
272.,Marco & The Galaxy Dragon,"6,497",162,"6,659",94.21%
273.,Fallen Aces,"4,382",88,"4,470",94.21%
274.,Titanfall® 2,"224,404","11,078","235,482",94.20%
275.,Enter the Gungeon,"77,683","3,491","81,174",94.18%
276.,The Planet Crafter,"39,981","1,644","41,625",94.18%
277.,Milo and the Magpies,"2,864",41,"2,905",94.18%
278.,Monster Prom 3: Monster Roadtrip,"2,828",40,"2,868",94.18%
279.,Danganronpa 2: Goodbye Despair,"24,234",914,"25,148",94.17%
280.,Saints Row: The Third,"65,195","2,892","68,087",94.15%
281.,Shadow Tactics: Blades of the Shogun,"34,842","1,415","36,257",94.14%
282.,BABBDI,"5,147",118,"5,265",94.14%
283.,Teardown,"92,114","4,274","96,388",94.13%
284.,WITCH ON THE HOLY NIGHT,"3,469",62,"3,531",94.12%
285.,Outer Wilds,"69,017","3,111","72,128",94.11%
286.,Supreme Commander: Forged Alliance,"12,524",412,"12,936",94.11%
287.,Universe Sandbox,"24,020",923,"24,943",94.10%
288.,Beat Saber,"70,044","3,182","73,226",94.09%
289.,Your Turn To Die -Death Game By Majority- ,"1,985",19,"2,004",94.08%
290.,Smushi Come Home,"1,872",16,"1,888",94.08%
291.,DOOM + DOOM II,"21,047",794,"21,841",94.07%
292.,Scarlet Hollow,"2,288",28,"2,316",94.06%
293.,Felvidek,"2,147",24,"2,171",94.06%
294.,SOMA,"39,541","1,678","41,219",94.05%
295.,Ghost Trick: Phantom Detective,"4,672",106,"4,778",94.05%
296.,HuniePop,"29,266","1,190","30,456",94.03%
297.,Desperados III,"13,281",456,"13,737",94.03%
298.,Ultimate Chicken Horse,"42,684","1,856","44,540",94.01%
299.,Find Love or Die Trying,"11,516",382,"11,898",94.01%
300.,Baldi's Basics Plus,"5,646",144,"5,790",94.01%
301.,Dialtown: Phone Dating Sim,"1,691",13,"1,704",94.00%
302.,Vampires' Melody,"4,876",117,"4,993",93.99%
303.,Class of '09: The Re-Up,"3,286",61,"3,347",93.99%
304.,Yakuza 0,"66,029","3,058","69,087",93.98%
305.,Opus Magnum,"5,594",144,"5,738",93.98%
306.,异化之恶〇Abnormal Treatment,"3,748",77,"3,825",93.98%
307.,DoronkoWanko,"2,991",52,"3,043",93.97%
308.,Danganronpa: Trigger Happy Havoc,"27,255","1,117","28,372",93.96%
309.,Sucker for Love,"2,539",38,"2,577",93.96%
310.,Quake,"13,323",470,"13,793",93.95%
311.,Zup! F,"8,000",242,"8,242",93.95%
312.,Dungeon Munchies,"6,419",178,"6,597",93.95%
313.,Black Mesa,"111,927","5,533","117,460",93.94%
314.,FTL: Faster Than Light,"69,273","3,256","72,529",93.94%
315.,Hook,"8,563",267,"8,830",93.93%
316.,Alpaca Stacka,"5,421",141,"5,562",93.93%
317.,A Space for the Unbound,"4,933",122,"5,055",93.93%
318.,Minami Lane,"3,419",68,"3,487",93.93%
319.,Star Fetchers,"6,749",194,"6,943",93.91%
320.,Portal Reloaded,"19,529",763,"20,292",93.90%
321.,Tiny Rogues,"8,353",261,"8,614",93.90%
322.,Minishoot' Adventures,"3,472",71,"3,543",93.90%
323.,Kenshi,"84,262","4,101","88,363",93.89%
324.,ENDER MAGNOLIA: Bloom in the Mist,"3,951",88,"4,039",93.89%
325.,Portal Stories: Mel,"21,156",845,"22,001",93.88%
326.,DREDGE,"33,734","1,467","35,201",93.87%
327.,Cats Organized Neatly,"4,006",91,"4,097",93.87%
328.,The Elder Scrolls V: Skyrim,"300,001","16,290","316,291",93.86%
329.,What Remains of Edith Finch,"39,425","1,764","41,189",93.85%
330.,CarX Drift Racing Online,"75,687","3,683","79,370",93.84%
331.,Like a Dragon Gaiden: The Man Who Erased His Name,"8,413",269,"8,682",93.84%
332.,UNBEATABLE [white label],"7,842",245,"8,087",93.84%
333.,At Home Alone Final,"6,490",189,"6,679",93.84%
334.,Rabbit and Steel,"6,122",174,"6,296",93.84%
335.,Fox Hime Zero,"5,289",141,"5,430",93.84%
336.,Psychonauts 2,"10,940",380,"11,320",93.83%
337.,Spirit City: Lofi Sessions,"5,855",164,"6,019",93.83%
338.,Detroit: Become Human,"120,237","6,145","126,382",93.82%
339.,Streets of Rogue,"20,326",821,"21,147",93.82%
340.,Mullet Mad Jack,"4,602",116,"4,718",93.82%
341.,Hello Charlotte: Childhood's End,"2,249",33,"2,282",93.82%
342.,Cult of the Lamb,"83,048","4,110","87,158",93.81%
343.,Halls of Torment,"23,123",963,"24,086",93.80%
344.,Monster Train,"19,582",788,"20,370",93.80%
345.,Epiphyllum in Love,"2,102",29,"2,131",93.80%
346.,It Takes Two,"168,891","8,939","177,830",93.79%
347.,Bugsnax,"5,763",164,"5,927",93.78%
348.,Katawa Shoujo,"1,756",19,"1,775",93.78%
349.,Being a DIK,"10,645",375,"11,020",93.77%
350.,100 Asian Cats,"5,924",171,"6,095",93.77%
351.,REFLEXIA Prototype ver.,"5,898",170,"6,068",93.77%
352.,Snake Force,"5,273",145,"5,418",93.77%
353.,In Stars And Time,"3,583",80,"3,663",93.77%
354.,Kerbal Space Program,"117,261","6,071","123,332",93.76%
355.,Rivals of Aether,"32,573","1,450","34,023",93.76%
356.,Picayune Dreams,"1,911",24,"1,935",93.76%
357.,Besiege,"46,027","2,156","48,183",93.75%
358.,Nuclear Throne,"16,878",669,"17,547",93.75%
359.,Tinykin,"2,500",43,"2,543",93.75%
360.,The Void Rains Upon Her Heart,"1,372",9,"1,381",93.75%
361.,Ori and the Blind Forest: Definitive Edition,"61,217","2,977","64,194",93.74%
362.,The Planet Crafter: Prologue,"10,062",352,"10,414",93.74%
363.,Kingdom Rush Frontiers,"8,468",281,"8,749",93.74%
364.,提西探险社,"2,874",56,"2,930",93.74%
365.,Half-Life 2: Episode One,"30,146","1,336","31,482",93.73%
366.,Car Mechanic Simulator 2021,"25,011","1,075","26,086",93.73%
367.,The Elder Scrolls IV: Oblivion ,"44,707","2,105","46,812",93.72%
368.,The Elder Scrolls IV: Oblivion® Game of the Year Edition Deluxe,"44,707","2,105","46,812",93.72%
369.,Sayonara Wild Hearts,"7,768",253,"8,021",93.72%
370.,Tiny Glade,"6,602",203,"6,805",93.72%
371.,Outpath: First Journey,"4,597",121,"4,718",93.72%
372.,Total War: MEDIEVAL II - Definitive Edition,"30,375","1,354","31,729",93.71%
373.,Mini Motorways,"19,089",784,"19,873",93.71%
374.,FlatOut 2,"16,569",662,"17,231",93.71%
375.,shapez,"11,813",438,"12,251",93.70%
376.,Batman: Arkham City™,"2,056",30,"2,086",93.70%
377.,A Tower Full of Cats,"1,303",8,"1,311",93.70%
378.,Resident Evil 7 Biohazard,"85,460","4,362","89,822",93.69%
379.,Paint the Town Red,"26,428","1,163","27,591",93.68%
380.,Crypt of the NecroDancer,"23,431","1,010","24,441",93.68%
381.,5D Chess With Multiverse Time Travel,"7,258",234,"7,492",93.68%
382.,Grimhook,"2,959",61,"3,020",93.68%
383.,候鸟,"2,736",53,"2,789",93.68%
384.,Super Lesbian Animal RPG,"1,327",9,"1,336",93.68%
385.,Noita,"66,918","3,343","70,261",93.67%
386.,Spiritfarer®: Farewell Edition,"37,694","1,760","39,454",93.66%
387.,Mini Metro,"14,535",573,"15,108",93.66%
388.,Nightmare Kart,"4,749",130,"4,879",93.66%
389.,The Legend of Heroes: Trails in the Sky SC,"3,293",74,"3,367",93.66%
390.,ASTLIBRA ～生きた証～ Revision,"23,376","1,015","24,391",93.65%
391.,Bug Fables: The Everlasting Sapling,"4,948",139,"5,087",93.65%
392.,My Friend Pedro,"25,834","1,144","26,978",93.64%
393.,TCG Card Shop Simulator,"8,912",311,"9,223",93.64%
394.,Hidden Folks,"8,776",305,"9,081",93.64%
395.,Living With Sister: Monochrome Fantasy,"6,536",206,"6,742",93.64%
396.,Winter Memories,"5,999",183,"6,182",93.64%
397.,Touhou Hero of Ice Fairy,"4,860",136,"4,996",93.64%
398.,SuchArt!,"4,041",103,"4,144",93.64%
399.,BLACK BOX LSS - 闪耀的永生者,"1,376",11,"1,387",93.63%
400.,Abiotic Factor,"16,466",673,"17,139",93.62%
401.,Goat Simulator 3,"4,369",117,"4,486",93.62%
402.,The Room VR: A Dark Matter,"3,469",82,"3,551",93.62%
403.,Frog Detective 3: Corruption at Cowboy County,"1,612",18,"1,630",93.62%
404.,Homicipher: Trial,"1,439",13,"1,452",93.62%
405.,Superflight,"10,643",394,"11,037",93.61%
406.,There is no game: Jam Edition 2015,"6,524",208,"6,732",93.61%
407.,Metal: Hellsinger,"13,916",553,"14,469",93.60%
408.,英雄黄昏,"2,939",63,"3,002",93.60%
409.,missed messages.,"14,338",574,"14,912",93.59%
410.,Downwell,"7,710",262,"7,972",93.59%
411.,Lethal League Blaze,"6,025",188,"6,213",93.59%
412.,No Case Should Remain Unsolved,"4,556",126,"4,682",93.59%
413.,Human Fall Flat,"193,738","10,823","204,561",93.58%
414.,The Jackbox Party Pack 3,"5,810",179,"5,989",93.58%
415.,Mad Father,"4,980",144,"5,124",93.58%
416.,Downfall - A Slay the Spire Fan Expansion,"3,507",85,"3,592",93.58%
417.,Echo Point Nova,"1,486",15,"1,501",93.58%
418.,Age of Empires II: Definitive Edition,"142,088","7,775","149,863",93.57%
419.,OPUS: Echo of Starsong - Full Bloom Edition,"8,039",279,"8,318",93.56%
420.,Glass Masquerade,"6,188",197,"6,385",93.56%
421.,Valheim,"441,306","26,099","467,405",93.54%
422.,Carto,"7,613",262,"7,875",93.54%
423.,HROT,"5,013",148,"5,161",93.54%
424.,I Am Your Beast,"1,097",5,"1,102",93.53%
425.,Game Dev Tycoon,"40,451","1,969","42,420",93.52%
426.,"Warhammer 40,000: Dawn of War - Dark Crusade","8,122",287,"8,409",93.52%
427.,TY the Tasmanian Tiger,"2,481",49,"2,530",93.52%
428.,Walkabout Mini Golf,"2,826",62,"2,888",93.51%
429.,Ultimate Custom Night,"54,057","2,743","56,800",93.50%
430.,Rusty's Retirement,"7,696",269,"7,965",93.50%
431.,Tukoni: Prologue,"3,629",93,"3,722",93.50%
432.,South Scrimshaw Part One,"1,193",8,"1,201",93.50%
433.,Bastion,"35,287","1,700","36,987",93.49%
434.,Tsuki ni Yorisou Otome no Sahou,"3,179",76,"3,255",93.49%
435.,DARK SOULS™ III,"371,248","22,041","393,289",93.48%
436.,Little Nightmares,"98,971","5,369","104,340",93.47%
437.,Rusty Lake: Roots,"6,869",234,"7,103",93.47%
438.,Beacon Pines,"2,847",64,"2,911",93.47%
439.,彼方的她-Aliya,"1,619",21,"1,640",93.47%
440.,Mindustry,"19,173",847,"20,020",93.45%
441.,OpenTTD,"12,373",499,"12,872",93.45%
442.,葬花·暗黑桃花源,"5,669",182,"5,851",93.45%
443.,S.T.A.L.K.E.R.: Call of Pripyat,"27,276","1,281","28,557",93.44%
444.,Townscaper,"19,644",873,"20,517",93.44%
445.,Tsukikage no Simulacre: Kaihou no Hane,"3,181",78,"3,259",93.44%
446.,Chicory: A Colorful Tale,"3,008",71,"3,079",93.44%
447.,Refunct,"16,543",715,"17,258",93.43%
448.,Shovel Knight: Treasure Trove,"15,120",641,"15,761",93.43%
449.,FIVE NIGHTS AT FREDDY'S: HELP WANTED,"11,682",468,"12,150",93.43%
450.,The Binding of Isaac,"56,099","2,908","59,007",93.42%
451.,The Talos Principle,"29,234","1,394","30,628",93.42%
452.,死寂（DeathlyStillness）,"19,892",890,"20,782",93.42%
453.,Portal: Revolution,"19,717",883,"20,600",93.42%
454.,Kindergarten,"7,897",286,"8,183",93.42%
455.,Everlasting Summer,"70,103","3,731","73,834",93.41%
456.,Princess Remedy in a World of Hurt,"2,767",63,"2,830",93.41%
457.,Untitled Goose Game,"18,805",839,"19,644",93.40%
458.,STAR WARS™ Jedi Knight: Jedi Academy™,"12,436",510,"12,946",93.40%
459.,Monster Prom 2: Monster Camp,"5,585",181,"5,766",93.40%
460.,Hexcells,"5,383",172,"5,555",93.40%
461.,Loddlenaut,"2,940",70,"3,010",93.40%
462.,Chop Goblins,"2,467",52,"2,519",93.40%
463.,Flowers -Le volume sur ete-,"1,144",8,"1,152",93.40%
464.,东方冰之勇者记：序章,"3,133",78,"3,211",93.39%
465.,Cureocity,"1,900",32,"1,932",93.39%
466.,Valiant Hearts: The Great War™ / Soldats Inconnus : Mémoires de la Grande Guerre™,"23,981","1,119","25,100",93.38%
467.,NEKOPARA Extra,"3,620",98,"3,718",93.38%
468.,Killing Floor,"63,025","3,356","66,381",93.36%
469.,Fireworks Mania,"5,539",182,"5,721",93.36%
470.,VVVVVV,"9,410",365,"9,775",93.35%
471.,Rusted Warfare - RTS,"5,165",166,"5,331",93.35%
472.,I commissioned some bees 0,"4,111",120,"4,231",93.35%
473.,Disfigure,"3,698",103,"3,801",93.34%
474.,Garden Galaxy,"1,953",35,"1,988",93.34%
475.,eden*,"4,092",120,"4,212",93.33%
476.,Sword and Fairy,"3,424",92,"3,516",93.33%
477.,Zup! X,"6,291",219,"6,510",93.32%
478.,枝江往事,"4,750",149,"4,899",93.32%
479.,Don't Escape: 4 Days to Survive,"2,056",39,"2,095",93.32%
480.,The Room Three,"10,872",443,"11,315",93.31%
481.,Endless Monday: Dreams and Deadlines,"1,203",11,"1,214",93.31%
482.,Rabi-Ribi,"11,137",458,"11,595",93.30%
483.,Hypnospace Outlaw,"4,320",131,"4,451",93.30%
484.,Trine,"14,329",625,"14,954",93.28%
485.,ANIMAL WELL,"13,076",560,"13,636",93.28%
486.,Insaniquarium! Deluxe,"5,236",173,"5,409",93.28%
487.,Hexcells Infinite,"4,154",125,"4,279",93.28%
488.,NUKITASHI 2,"1,353",16,"1,369",93.28%
489.,Orbo's Odyssey,"1,189",11,"1,200",93.28%
490.,Mirage Feathers,"1,122",9,"1,131",93.28%
491.,FreshWomen - Season 1,"15,990",715,"16,705",93.27%
492.,Spin Rhythm XD,"3,794",110,"3,904",93.27%
493.,Zup! Z,"4,013",120,"4,133",93.26%
494.,The Elder Scrolls III: Morrowind,"23,604","1,139","24,743",93.24%
495.,Coloring Pixels,"7,081",263,"7,344",93.24%
496.,Neighbours from Hell,"2,777",69,"2,846",93.24%
497.,Aokana - EXTRA1,"1,304",15,"1,319",93.24%
498.,NGU IDLE,"10,999",459,"11,458",93.23%
499.,Illusion Carnival,"2,048",41,"2,089",93.23%
500.,Rooftops & Alleys: The Parkour Game,"3,625",105,"3,730",93.22%
501.,Master Of Pottery,"2,714",67,"2,781",93.22%
502.,怠惰的怪獸公主不想工作,"5,317",181,"5,498",93.21%
503.,The Pedestrian,"4,441",141,"4,582",93.21%
504.,Project Zomboid,"303,906","18,799","322,705",93.20%
505.,Call of Juarez Gunslinger,"36,803","1,907","38,710",93.20%
506.,Trine 2,"20,453",973,"21,426",93.20%
507.,It Steals,"1,809",33,"1,842",93.20%
508.,枝江畔之梦,"1,469",21,"1,490",93.20%
509.,Blood and Bacon,"31,221","1,588","32,809",93.19%
510.,Indigo Park,"17,108",793,"17,901",93.18%
511.,STAR WARS™ Republic Commando,"14,753",665,"15,418",93.18%
512.,100 Ninja Cats,"1,911",37,"1,948",93.18%
513.,NEEDY GIRL OVERDOSE,"38,662","2,029","40,691",93.17%
514.,Roboquest,"17,971",843,"18,814",93.17%
515.,SpaceEngine,"10,587",446,"11,033",93.17%
516.,The Forgotten City,"9,978",416,"10,394",93.16%
517.,Swallow the Sea,"2,137",46,"2,183",93.16%
518.,Day of the Tentacle Remastered,"4,128",130,"4,258",93.15%
519.,NEKOPARA Vol. 1,"25,469","1,272","26,741",93.14%
520.,The Rewinder,"6,288",232,"6,520",93.14%
521.,Impostor Factory,"10,602",452,"11,054",93.13%
522.,Sudocats,"1,188",13,"1,201",93.13%
523.,ROUNDS,"29,957","1,539","31,496",93.12%
524.,PlateUp!,"19,748",952,"20,700",93.12%
525.,Retrowave,"14,349",654,"15,003",93.12%
526.,Bit Blaster XL,"5,931",216,"6,147",93.12%
527.,LISA,"13,654",618,"14,272",93.11%
528.,Orcs Must Die!,"7,579",298,"7,877",93.11%
529.,Raging Loop,"6,090",225,"6,315",93.10%
530.,klocki,"4,469",148,"4,617",93.10%
531.,WitchSpring R,"5,456",195,"5,651",93.09%
532.,Just a To the Moon Series Beach Episode,"1,555",26,"1,581",93.09%
533.,Cats and Seek: Osaka,"1,468",23,"1,491",93.09%
534.,Will You Snail?,"2,586",66,"2,652",93.08%
535.,Content Warning,"96,872","5,689","102,561",93.07%
536.,Incredibox,"3,774",118,"3,892",93.07%
537.,Tails Noir: Prologue,"4,007",129,"4,136",93.06%
538.,Half-Life: Opposing Force,"22,170","1,111","23,281",93.04%
539.,Pilgrims,"4,378",147,"4,525",93.04%
540.,Dwarf Fortress,"25,233","1,290","26,523",93.03%
541.,Machinarium,"14,525",679,"15,204",93.03%
542.,Hylics 2,"2,497",64,"2,561",93.03%
543.,Nodebuster,"2,181",51,"2,232",93.03%
544.,DEEP SPACE WAIFU,"8,035",330,"8,365",93.02%
545.,Songs of Syx,"4,923",174,"5,097",93.02%
546.,Voidigo,"3,700",117,"3,817",93.02%
547.,Fluffy Store,"3,341",101,"3,442",93.01%
548.,Sakuya Izayoi Gives You Advice And Dabs,"2,142",50,"2,192",93.01%
549.,Mafia II (Classic),"50,092","2,806","52,898",93.00%
550.,"Warhammer 40,000: Dawn of War - Soulstorm","15,647",747,"16,394",93.00%
551.,Nova Drift,"12,140",551,"12,691",93.00%
552.,The Jackbox Party Pack 7,"4,314",146,"4,460",93.00%
553.,Submachine: Legacy,"1,101",12,"1,113",93.00%
554.,Ori and the Blind Forest,"52,754","2,981","55,735",92.99%
555.,GUILTY GEAR XX ACCENT CORE PLUS R,"6,641",261,"6,902",92.99%
556.,Buckshot Roulette,"30,373","1,612","31,985",92.98%
557.,Timberborn,"25,322","1,312","26,634",92.98%
558.,(the) Gnorp Apologue,"5,594",209,"5,803",92.98%
559.,像素女友,"1,332",20,"1,352",92.98%
560.,LEGO® MARVEL Super Heroes,"22,675","1,158","23,833",92.97%
561.,The Talos Principle 2,"9,904",434,"10,338",92.97%
562.,We Become What We Behold,"5,048",183,"5,231",92.97%
563.,Coloring Game 2,"3,325",102,"3,427",92.97%
564.,My Summer Car,"73,322","4,297","77,619",92.96%
565.,Against the Storm,"25,141","1,306","26,447",92.96%
566.,Dust: An Elysian Tail,"17,544",862,"18,406",92.96%
567.,Audiosurf,"10,409",464,"10,873",92.95%
568.,Anomaly Agent,"6,597",262,"6,859",92.95%
569.,Creeper World 3: Arc Eternal,"4,366",151,"4,517",92.95%
570.,Rakuen,"5,558",210,"5,768",92.94%
571.,我的小鲨鱼,"3,075",92,"3,167",92.93%
572.,Bang-On Balls: Chronicles,"4,267",148,"4,415",92.92%
573.,Borderlands 2,"269,198","17,453","286,651",92.91%
574.,100 Capitalist Cats,"2,600",72,"2,672",92.91%
575.,Peaks of Yore,"1,626",32,"1,658",92.91%
576.,Recettear: An Item Shop's Tale,"6,809",277,"7,086",92.90%
577.,STEINS;GATE 0,"5,583",214,"5,797",92.90%
578.,東方風神録 〜 Mountain of Faith.,"1,060",12,"1,072",92.90%
579.,"Star Wars: Battlefront 2 (Classic, 2005)","49,643","2,844","52,487",92.89%
580.,Monster Girl Island: Prologue,"16,349",807,"17,156",92.89%
581.,像素男友,"1,055",12,"1,067",92.89%
582.,Northern Journey,"2,667",76,"2,743",92.87%
583.,Snufkin: Melody of Moominvalley,"1,933",45,"1,978",92.87%
584.,The Curse of Monkey Island,"2,478",68,"2,546",92.86%
585.,東方虹龍洞 ～ Unconnected Marketeers.,"1,705",36,"1,741",92.86%
586.,9-nine-:Episode 2,"1,304",21,"1,325",92.86%
587.,Boneraiser Minions,"4,811",178,"4,989",92.85%
588.,Cats Hidden in Bali,"1,070",13,"1,083",92.85%
589.,Railroader,"1,968",47,"2,015",92.84%
590.,last seen online,"1,036",12,"1,048",92.84%
591.,Rusty Lake Hotel,"8,118",352,"8,470",92.83%
592.,AVICII Invector,"3,123",98,"3,221",92.83%
593.,S.T.A.L.K.E.R.: Shadow of Chernobyl,"40,224","2,287","42,511",92.82%
594.,"STAR WARS™ Battlefront (Classic, 2004)","3,997",140,"4,137",92.82%
595.,Dream Ending,"2,876",87,"2,963",92.82%
596.,東方紺珠伝 ～ Legacy of Lunatic Kingdom.,"1,232",19,"1,251",92.82%
597.,Angel at Dusk,"1,001",11,"1,012",92.82%
598.,Farming Simulator 19,"69,212","4,162","73,374",92.81%
599.,WorldBox - God Simulator,"34,563","1,935","36,498",92.81%
600.,POSTAL Brain Damaged,"7,213",305,"7,518",92.81%
601.,Bejeweled 3,"6,457",265,"6,722",92.81%
602.,Insomnia: Theater in the Head,"2,117",54,"2,171",92.81%
603.,I MAED A GAM3 W1TH Z0MB1ES 1NIT!!!1,"1,522",30,"1,552",92.80%
604.,Plague Inc: Evolved,"49,660","2,902","52,562",92.79%
605.,TIS-100,"3,662",125,"3,787",92.79%
606.,TouHou Makuka Sai ~ Fantastic Danmaku Festival Part II,"2,292",62,"2,354",92.79%
607.,Palworld,"300,917","20,089","321,006",92.78%
608.,Meteor 60 Seconds!,"4,404",162,"4,566",92.78%
609.,Brutal Orchestra,"1,535",31,"1,566",92.78%
610.,Hades II,"44,278","2,567","46,845",92.77%
611.,Tales from the Borderlands,"16,633",846,"17,479",92.77%
612.,Pony Island,"15,531",781,"16,312",92.77%
613.,Lily's Well,"2,022",51,"2,073",92.77%
614.,planetarian ~the reverie of a little planet~,"1,976",49,"2,025",92.77%
615.,Stella of The End,"1,608",34,"1,642",92.77%
616.,Psychonauts,"16,211",824,"17,035",92.76%
617.,Unreal Tournament 2004,"3,817",134,"3,951",92.76%
618.,Yakuza Kiwami 2,"14,590",729,"15,319",92.75%
619.,Kingdom Rush Origins,"6,371",265,"6,636",92.75%
620.,Star of Providence,"1,867",45,"1,912",92.75%
621.,Path of Achra,"1,471",29,"1,500",92.75%
622.,Pikuniku,"8,841",401,"9,242",92.74%
623.,Unreal Tournament: Game of the Year Edition,"4,008",144,"4,152",92.74%
624.,Cinderella Phenomenon,"3,843",136,"3,979",92.74%
625.,私のリアルは充実しすぎている フルボイス版,"3,717",130,"3,847",92.74%
626.,I Was a Teenage Exocolonist,"3,138",102,"3,240",92.74%
627.,Epic Battle Fantasy 4,"2,965",94,"3,059",92.74%
628.,时间切片：序章,"2,438",70,"2,508",92.74%
629.,Five Nights at Freddy's: Into the Pit,"7,379",321,"7,700",92.73%
630.,Mark of the Ninja: Remastered,"5,568",224,"5,792",92.73%
631.,Thank Goodness You're Here!,"3,001",96,"3,097",92.73%
632.,Rise of the Tomb Raider,"120,963","7,722","128,685",92.72%
633.,House Flipper,"83,393","5,182","88,575",92.72%
634.,Tabletop Simulator,"63,433","3,850","67,283",92.72%
635.,Alien Swarm: Reactive Drop,"20,752","1,107","21,859",92.72%
636.,Orbt XL,"3,204",106,"3,310",92.72%
637.,Cattails: Wildwood Story,"1,302",23,"1,325",92.72%
638.,Zodiacats,905,9,914,92.72%
639.,Nine Sols,"12,875",636,"13,511",92.71%
640.,Everhood,"11,868",577,"12,445",92.71%
641.,Half-Life: MMod,"4,380",164,"4,544",92.71%
642.,A Space For The Unbound - Prologue,"1,272",22,"1,294",92.71%
643.,Amnesia: The Dark Descent,"31,085","1,757","32,842",92.70%
644.,The Arrogant Kaiju Princess and The Detective Servant,"2,279",64,"2,343",92.70%
645.,XCOM: Enemy Unknown,"51,625","3,089","54,714",92.69%
646.,Songs for a Hero - Definitive Edition,"3,635",128,"3,763",92.69%
647.,Coffee Talk Episode 2: Hibiscus & Butterfly,"1,953",50,"2,003",92.69%
648.,Super Meat Boy,"32,787","1,873","34,660",92.68%
649.,Stronghold HD,"9,019",417,"9,436",92.68%
650.,Primordia,"3,109",103,"3,212",92.68%
651.,Cats Hidden in Italy,"1,565",34,"1,599",92.68%
652.,The Powder Toy,952,11,963,92.68%
653.,Defense Grid: The Awakening,"4,822",189,"5,011",92.67%
654.,Antichamber,"15,912",824,"16,736",92.66%
655.,Cato,"1,141",18,"1,159",92.66%
656.,LYNE,"7,789",351,"8,140",92.65%
657.,Yoku's Island Express,"4,434",170,"4,604",92.65%
658.,One Finger Death Punch 2,"4,178",157,"4,335",92.65%
659.,Dogs Organized Neatly,"1,139",18,"1,157",92.65%
660.,Moonleap,821,7,828,92.65%
661.,Yakuza: Like a Dragon,"28,434","1,609","30,043",92.64%
662.,Acting Lessons,"4,865",193,"5,058",92.64%
663.,Maitetsu:Pure Station,"3,389",118,"3,507",92.64%
664.,Brothers - A Tale of Two Sons,"38,478","2,259","40,737",92.63%
665.,Sid Meier's Civilization IV: Beyond the Sword,"4,140",156,"4,296",92.63%
666.,daydream 白日夢,"1,019",14,"1,033",92.63%
667.,Muck,"158,488","10,489","168,977",92.62%
668.,Airships: Conquer the Skies,"5,387",222,"5,609",92.62%
669.,Resonance of the Ocean,"1,636",38,"1,674",92.62%
670.,Alien Swarm,"20,011","1,087","21,098",92.61%
671.,OCTOPATH TRAVELER II,"11,270",555,"11,825",92.61%
672.,Spaceflight Simulator,"5,132",209,"5,341",92.61%
673.,Samorost 1,"4,045",153,"4,198",92.59%
674.,Feeding Frenzy 2: Shipwreck Showdown Deluxe,"2,035",56,"2,091",92.59%
675.,Superliminal,"26,674","1,517","28,191",92.58%
676.,Contraband Police,"15,979",846,"16,825",92.57%
677.,pureya,"2,159",62,"2,221",92.57%
678.,Aperture Desk Job,"21,372","1,185","22,557",92.56%
679.,Darkwood,"18,728","1,019","19,747",92.56%
680.,SUPER CHICKEN JUMPER,"4,399",173,"4,572",92.56%
681.,Mitoza,"3,018",103,"3,121",92.56%
682.,FAR: Lone Sails,"18,447","1,003","19,450",92.55%
683.,The Walking Dead: The Final Season,"17,120",921,"18,041",92.55%
684.,BioShock Infinite,"129,366","8,572","137,938",92.54%
685.,Wildermyth,"16,094",859,"16,953",92.54%
686.,Dagon,"10,528",521,"11,049",92.54%
687.,Hidden in Plain Sight,755,6,761,92.54%
688.,Geometry Dash,"349,756","24,560","374,316",92.53%
689.,Supraland,"11,759",596,"12,355",92.53%
690.,"Little Kitty, Big City","6,762",304,"7,066",92.53%
691.,Cat Quest II,"5,558",237,"5,795",92.53%
692.,Dog Brew,"1,250",24,"1,274",92.53%
693.,Seal World,657,3,660,92.53%
694.,Raft,"303,612","21,215","324,827",92.52%
695.,ARMORED HEAD,"1,120",19,"1,139",92.52%
696.,Montaro,"11,569",587,"12,156",92.51%
697.,Blood: Fresh Supply,"6,384",284,"6,668",92.51%
698.,Miracle Snack Shop,"2,193",65,"2,258",92.51%
699.,Snail Simulator,747,6,753,92.51%
700.,DOOM II,"8,618",413,"9,031",92.50%
701.,PAC-MAN Championship Edition DX+,"7,384",342,"7,726",92.50%
702.,Animal Revolt Battle Simulator,"5,359",228,"5,587",92.50%
703.,A Taste of the Past,"1,556",37,"1,593",92.50%
704.,Knights College,"1,918",53,"1,971",92.49%
705.,The Coin Game,"4,900",204,"5,104",92.48%
706.,Skyrim Script Extender (SKSE),"1,155",21,"1,176",92.48%
707.,Brick Rigs,"41,972","2,569","44,541",92.47%
708.,Journey,"30,441","1,797","32,238",92.47%
709.,SteamWorld Dig 2,"6,706",305,"7,011",92.47%
710.,Unsorted Horror,"1,705",44,"1,749",92.47%
711.,Derail Valley,"5,547",241,"5,788",92.46%
712.,DEADBOLT,"5,038",213,"5,251",92.46%
713.,Higurashi When They Cry Hou - Ch.1 Onikakushi,"4,669",193,"4,862",92.46%
714.,Save Room - Organization Puzzle,"2,077",61,"2,138",92.46%
715.,Door Kickers 2,"7,678",363,"8,041",92.45%
716.,Nova Lands: Emilia's Mission,"1,788",48,"1,836",92.45%
717.,A Dance of Fire and Ice,"64,166","4,116","68,282",92.43%
718.,Little Nightmares II,"36,016","2,185","38,201",92.43%
719.,Strange Horticulture,"10,631",541,"11,172",92.43%
720.,Neon Beats,"6,166",278,"6,444",92.43%
721.,Crime Scene Cleaner: Prologue,"4,308",175,"4,483",92.43%
722.,Cobalt Core,"2,829",98,"2,927",92.43%
723.,Aero GPX,696,5,701,92.43%
724.,Hotline Miami 2: Wrong Number,"57,188","3,642","60,830",92.42%
725.,Shower With Your Dad Simulator 2015: Do You Still Shower With Your Dad,"9,379",467,"9,846",92.42%
726.,Cassette Beasts,"7,140",334,"7,474",92.42%
727.,Class of '09,"5,122",220,"5,342",92.42%
728.,Coffee Talk,"9,880",498,"10,378",92.41%
729.,Mortal Sin,"2,346",75,"2,421",92.41%
730.,YOU and ME and HER: A Love Story,"4,041",162,"4,203",92.40%
731.,COMPOUND,"1,962",57,"2,019",92.40%
732.,Jerma's Big Adventure,"1,251",26,"1,277",92.40%
733.,CARRION,"23,275","1,351","24,626",92.39%
734.,Supraland Six Inches Under,"2,937",105,"3,042",92.39%
735.,Grim Dawn,"88,551","5,879","94,430",92.38%
736.,Marvel's Guardians of the Galaxy,"33,555","2,040","35,595",92.38%
737.,Devil Daggers,"8,404",412,"8,816",92.38%
738.,Total Annihilation,"3,166",117,"3,283",92.38%
739.,The Test: Secrets of the Soul,"1,292",28,"1,320",92.38%
740.,UNDERDOGS,"1,244",26,"1,270",92.38%
741.,Leaf Blower Revolution - Idle Game,"22,328","1,294","23,622",92.37%
742.,Farmer Against Potatoes Idle,"5,597",250,"5,847",92.37%
743.,Yellow Taxi Goes Vroom,854,11,865,92.37%
744.,NOeSIS02-羽化,617,3,620,92.37%
745.,Into the Breach,"18,191","1,028","19,219",92.36%
746.,Cosmoteer: Starship Architect & Commander,"9,382",474,"9,856",92.35%
747.,Quake II,"8,199",403,"8,602",92.35%
748.,Botanicula,"5,724",258,"5,982",92.35%
749.,Peggle Nights,"2,248",72,"2,320",92.35%
750.,Arctic Eggs,"1,629",43,"1,672",92.35%
751.,KunKunNight,"1,399",33,"1,432",92.35%
752.,Free to Play,"10,477",542,"11,019",92.34%
753.,异常 | Exception,"1,623",43,"1,666",92.34%
754.,Manifold Garden,"6,090",281,"6,371",92.33%
755.,Stick Fight: The Game,"112,217","7,664","119,881",92.32%
756.,Caves of Qud,"7,494",364,"7,858",92.32%
757.,PARANORMASIGHT: The Seven Mysteries of Honjo,"4,076",168,"4,244",92.32%
758.,ISLANDERS,"14,992",831,"15,823",92.31%
759.,FAITH,"5,986",276,"6,262",92.31%
760.,No Time,"1,545",40,"1,585",92.31%
761.,Risk of Rain 2,"275,358","19,960","295,318",92.27%
762.,Cities: Skylines,"243,421","17,535","260,956",92.27%
763.,"Warhammer 40,000: Dawn of War - Anniversary Edition ","9,855",513,"10,368",92.27%
764.,ENDER LILIES: Quietus of the Knights,"32,495","2,014","34,509",92.26%
765.,Slime Rancher 2,"27,516","1,673","29,189",92.26%
766.,Deus Ex: Game of the Year Edition,"13,243",727,"13,970",92.26%
767.,King Exit,"6,509",311,"6,820",92.25%
768.,RED HOT VENGEANCE,"3,171",122,"3,293",92.25%
769.,BlazBlue Entropy Effect,"21,293","1,259","22,552",92.24%
770.,Mount Your Friends,"7,361",363,"7,724",92.24%
771.,Zup! 2,"6,394",305,"6,699",92.24%
772.,LiEat,"4,184",178,"4,362",92.24%
773.,Smile For Me,"2,531",89,"2,620",92.24%
774.,永冻之壳 The Shell of Permafrost,"1,123",23,"1,146",92.24%
775.,EARTH DEFENSE FORCE 4.1  The Shadow of New Despair,"9,263",481,"9,744",92.23%
776.,Sticky Business,"4,835",215,"5,050",92.23%
777.,Epic Battle Fantasy 3,"1,997",63,"2,060",92.22%
778.,Poly Bridge 2,"7,113",351,"7,464",92.21%
779.,NOeSIS01-诉说谎言的记忆之物语,"1,303",31,"1,334",92.21%
780.,美女，请别影响我学习,"6,441",311,"6,752",92.20%
781.,Hello Charlotte,"1,672",48,"1,720",92.20%
782.,坦率的小红帽和爱说谎的狼,"1,014",19,"1,033",92.20%
783.,BioShock,"28,483","1,765","30,248",92.19%
784.,Vampire: The Masquerade - Bloodlines,"12,594",696,"13,290",92.19%
785.,Nightmare of Decay,"3,402",137,"3,539",92.19%
786.,Transistor,"28,464","1,767","30,231",92.18%
787.,DR LIVESEY ROM AND DEATH EDITION,"12,327",681,"13,008",92.18%
788.,完蛋！我被美女包围了！,"41,871","2,708","44,579",92.17%
789.,Agent A: A puzzle in disguise,"4,858",220,"5,078",92.17%
790.,Rain World,"32,103","2,027","34,130",92.16%
791.,The Stanley Parable: Ultra Deluxe,"26,332","1,624","27,956",92.16%
792.,Severed Steel,"5,504",258,"5,762",92.16%
793.,Turing Complete,"3,124",123,"3,247",92.16%
794.,BROK the InvestiGator,977,18,995,92.16%
795.,Symphony of War: The Nephilim Saga,"11,100",606,"11,706",92.15%
796.,Another Crab's Treasure,"11,011",601,"11,612",92.15%
797.,Geometry Arena,"2,281",79,"2,360",92.15%
798.,Sleeping Dogs™,"16,055",933,"16,988",92.14%
799.,Rome: Total War,"14,943",858,"15,801",92.14%
800.,Little Inferno,"11,672",644,"12,316",92.14%
801.,Clap Clap,"2,413",86,"2,499",92.14%
802.,Bing in Wonderland,"1,916",61,"1,977",92.14%
803.,Gunfire Reborn,"90,142","6,260","96,402",92.13%
804.,The Past Within,"13,327",753,"14,080",92.13%
805.,Lucy -The Eternity She Wished For-,"7,540",384,"7,924",92.13%
806.,Barotrauma,"62,429","4,224","66,653",92.12%
807.,My Singing Monsters,"35,859","2,305","38,164",92.12%
808.,Rise of Nations: Extended Edition,"13,298",753,"14,051",92.12%
809.,Perfect Gold,"1,037",21,"1,058",92.12%
810.,Ever Seen A Cat?,706,8,714,92.12%
811.,Freddy Fazbear's Pizzeria Simulator,"27,381","1,718","29,099",92.10%
812.,恋爱绮谭 不存在的真相,"1,999",66,"2,065",92.10%
813.,PC Building Simulator,"47,309","3,144","50,453",92.09%
814.,Minds Beneath Us,"1,541",44,"1,585",92.09%
815.,9-nine-:Episode 4,955,18,973,92.08%
816.,ELDEN RING,"897,824","70,190","968,014",92.07%
817.,Company of Heroes ,"15,098",882,"15,980",92.07%
818.,Narcissu 1st & 2nd,"4,417",200,"4,617",92.07%
819.,Enigmatis 2: The Mists of Ravenwood,"1,471",41,"1,512",92.07%
820.,Long Dream,802,12,814,92.07%
821.,SpeedRunners,"34,055","2,204","36,259",92.06%
822.,Yuppie Psycho,"7,295",375,"7,670",92.06%
823.,Tales of Maj'Eyal,"6,139",303,"6,442",92.06%
824.,Melatonin,"5,858",286,"6,144",92.06%
825.,Turnip Boy Commits Tax Evasion,"11,316",633,"11,949",92.05%
826.,Judgment,"7,587",394,"7,981",92.05%
827.,The Witch's House MV,"3,015",121,"3,136",92.05%
828.,100 March Cats,"1,135",26,"1,161",92.05%
829.,100 Funny Cats,"1,087",24,"1,111",92.05%
830.,The Procession to Calvary,970,19,989,92.05%
831.,Bloons TD5,"10,620",590,"11,210",92.04%
832.,Door Kickers: Action Squad,"9,260",501,"9,761",92.04%
833.,Cat Quest,"8,616",460,"9,076",92.04%
834.,In Sound Mind,"4,863",228,"5,091",92.04%
835.,Zup! 8,"4,019",178,"4,197",92.04%
836.,Bloodstained: Ritual of the Night,"35,931","2,349","38,280",92.03%
837.,NIGHT-RUNNERS PROLOGUE,"11,841",671,"12,512",92.03%
838.,fault - milestone two side: above,"2,465",92,"2,557",92.03%
839.,UFO 50,"2,350",86,"2,436",92.03%
840.,Pentiment,"6,276",315,"6,591",92.02%
841.,Ages of Conflict: World War Simulator,"3,092",127,"3,219",92.01%
842.,Later Alligator,"2,417",90,"2,507",92.01%
843.,Sizeable,"1,076",24,"1,100",92.01%
844.,Farm Together,"20,190","1,243","21,433",92.00%
845.,Reventure,"8,410",451,"8,861",92.00%
846.,Dead Space 2,"22,845","1,433","24,278",91.99%
847.,Dungeons 3,"17,058","1,029","18,087",91.99%
848.,Soulstone Survivors: Prologue,"4,090",185,"4,275",91.99%
849.,Leap Year,782,12,794,91.99%
850.,The Secret of Monkey Island: Special Edition,"5,308",258,"5,566",91.98%
851.,OnlyCans: Thirst Date,"3,198",134,"3,332",91.98%
852.,Some Some Convenience Store,"2,934",119,"3,053",91.98%
853.,Shadows Over Loathing,"2,749",109,"2,858",91.98%
854.,Duck Simulator 2,"2,657",104,"2,761",91.98%
855.,The Legend of Heroes: Trails from Zero,"1,022",22,"1,044",91.98%
856.,10 Minutes Till Dawn,"4,044",183,"4,227",91.97%
857.,Laughing to Die,"2,073",73,"2,146",91.97%
858.,Spark the Electric Jester 3,"1,640",51,"1,691",91.97%
859.,Zortch,971,20,991,91.97%
860.,Persona 3 Reload,"26,858","1,727","28,585",91.96%
861.,Tetris® Effect: Connected,"6,841",355,"7,196",91.96%
862.,Pajama Sam in No Need to Hide When It's Dark Outside,"1,150",28,"1,178",91.96%
863.,a new life.,"2,063",73,"2,136",91.95%
864.,POPGOES Arcade,"1,406",40,"1,446",91.95%
865.,Cats Hidden in Maple Hollow,990,21,"1,011",91.95%
866.,Super Animal Royale,"38,428","2,574","41,002",91.94%
867.,Max Payne 2: The Fall of Max Payne,"10,074",566,"10,640",91.94%
868.,Spooky's Jump Scare Mansion: HD Renovation,"2,939",121,"3,060",91.94%
869.,Dinkum,"19,717","1,229","20,946",91.92%
870.,Fallout,"19,707","1,230","20,937",91.92%
871.,FINAL FANTASY IX,"10,293",583,"10,876",91.92%
872.,IRMÃO Grande & Brasileiro 2,957,20,977,91.92%
873.,Little Busters! English Edition,813,14,827,91.92%
874.,Purrfect Apawcalypse: Love at Furst Bite,661,8,669,91.92%
875.,Gloomwood,"5,314",263,"5,577",91.91%
876.,Quake III Arena,"3,430",150,"3,580",91.91%
877.,COCOON,"5,893",300,"6,193",91.90%
878.,DRAMAtical Murder,"2,843",117,"2,960",91.90%
879.,Moonring,"1,752",58,"1,810",91.90%
880.,Fear & Hunger,"12,537",738,"13,275",91.89%
881.,Floating Point,"3,603",161,"3,764",91.89%
882.,Crypt Custodian,879,17,896,91.89%
883.,所向之未来 - Towards Future,654,8,662,91.89%
884.,A Plague Tale: Innocence,"56,129","3,927","60,056",91.88%
885.,EARTH DEFENSE FORCE 5,"9,772",553,"10,325",91.88%
886.,Bramble: The Mountain King,"4,382",208,"4,590",91.88%
887.,DISTRAINT 2,"3,730",169,"3,899",91.88%
888.,Flowers -Le volume sur automne-,652,8,660,91.88%
889.,Disco Elysium,"93,651","6,816","100,467",91.87%
890.,Descenders,"16,523","1,016","17,539",91.87%
891.,Turbo Overkill,"5,529",279,"5,808",91.87%
892.,Rusty Lake Paradise,"4,933",242,"5,175",91.87%
893.,Majotori,"1,720",57,"1,777",91.87%
894.,Spyro™ Reignited Trilogy,"18,400","1,151","19,551",91.86%
895.,Empires of the Undergrowth,"12,416",734,"13,150",91.86%
896.,The Riftbreaker: Prologue,"3,916",181,"4,097",91.86%
897.,Bagel Love Story,896,18,914,91.86%
898.,Sleeping Dogs: Definitive Edition,"59,653","4,211","63,864",91.85%
899.,Bitburner,"5,916",305,"6,221",91.85%
900.,The House in Fata Morgana: A Requiem for Innocence,"1,139",29,"1,168",91.85%
901.,Aimlabs,"108,757","8,028","116,785",91.84%
902.,Otaku's Adventure,"7,613",415,"8,028",91.84%
903.,Zuma Deluxe,"4,383",210,"4,593",91.84%
904.,Magical Girl Celesphonia,"2,434",96,"2,530",91.84%
905.,Fallout 2,"13,819",836,"14,655",91.83%
906.,Long Live The Queen,"6,617",351,"6,968",91.83%
907.,Windowkill,"1,839",64,"1,903",91.83%
908.,Christmas Tina -泡沫冬景-,"4,053",191,"4,244",91.82%
909.,A YEAR OF SPRINGS,666,9,675,91.82%
910.,Moss: Book II,502,3,505,91.82%
911.,Night in the Woods,"16,542","1,033","17,575",91.80%
912.,Teenage Mutant Ninja Turtles: Shredder's Revenge,"12,403",742,"13,145",91.80%
913.,The Thrill of the Fight,"3,670",169,"3,839",91.80%
914.,How Fish Is Made,"3,320",148,"3,468",91.80%
915.,Serious Sam Classic: The First Encounter,"2,873",122,"2,995",91.80%
916.,Trick & Treat,"2,214",85,"2,299",91.80%
917.,SpongeBob SquarePants: Battle for Bikini Bottom - Rehydrated,"15,219",941,"16,160",91.79%
918.,美少女万华镜 -理与迷宫的少女-,"2,708",113,"2,821",91.79%
919.,Emberward,"1,452",45,"1,497",91.79%
920.,F1 2020,"37,519","2,579","40,098",91.78%
921.,MX Bikes,"20,983","1,354","22,337",91.78%
922.,Tangle Tower,"4,574",225,"4,799",91.78%
923.,Tree Simulator 2022,"1,183",32,"1,215",91.78%
924.,Karryn's Prison,"3,363",152,"3,515",91.77%
925.,Shogun Showdown,"3,234",144,"3,378",91.77%
926.,Vertigo 2,"2,092",79,"2,171",91.77%
927.,The Life and Suffering of Sir Brante — Chapter 1&2,"1,960",72,"2,032",91.77%
928.,My Brother Rabbit,"1,734",60,"1,794",91.77%
929.,Slayers X,"1,073",27,"1,100",91.77%
930.,Kukoro: Stream chat games,849,17,866,91.77%
931.,Linelith,681,10,691,91.77%
932.,Higurashi When They Cry Hou - Ch.6 Tsumihoroboshi,603,7,610,91.77%
933.,her tears were my light,493,3,496,91.77%
934.,Letters From a Rainy Day -Oceans and Lace-,823,16,839,91.76%
935.,I Frog-ot,574,6,580,91.76%
936.,Hyperdimension Neptunia Re;Birth1,"11,319",675,"11,994",91.75%
937.,Birth,"2,368",95,"2,463",91.75%
938.,"If On A Winter's Night, Four Travelers","2,081",79,"2,160",91.75%
939.,Toree 2,891,19,910,91.75%
940.,Pâquerette Down the Bunburrows,868,18,886,91.75%
941.,Bunny eShop,"9,493",550,"10,043",91.74%
942.,My Friendly Neighborhood,"2,366",95,"2,461",91.74%
943.,Slice & Dice,"1,472",47,"1,519",91.74%
944.,旅燕归航 Swallow Homing,700,11,711,91.74%
945.,Cleo - a pirate's tale,674,10,684,91.74%
946.,Sven Co-op,"28,583","1,928","30,511",91.73%
947.,The Lab,"5,852",309,"6,161",91.73%
948.,When The Past Was Around,"3,620",169,"3,789",91.73%
949.,Muv-Luv Alternative,"2,691",114,"2,805",91.73%
950.,Doom & Destiny,"2,254",89,"2,343",91.73%
951.,Kinkoi,"1,605",54,"1,659",91.73%
952.,Last Command,"1,847",67,"1,914",91.72%
953.,Perspective,837,17,854,91.72%
954.,DRAGON BALL Z: KAKAROT,"48,298","3,432","51,730",91.71%
955.,Leap of Faith,"1,879",69,"1,948",91.71%
956.,Penko Park,511,4,515,91.71%
957.,DEVIL BLADE REBOOT,511,4,515,91.71%
958.,Mass Effect 2 (2010),"14,634",916,"15,550",91.70%
959.,LEGO® Star Wars™ III: The Clone Wars™,"7,564",424,"7,988",91.70%
960.,DFHack - Dwarf Fortress Modding Engine,509,4,513,91.70%
961.,Lobotomy Corporation,"35,506","2,464","37,970",91.69%
962.,Five Nights at Freddy's 2,"20,494","1,342","21,836",91.69%
963.,Escape Simulator,"14,477",905,"15,382",91.69%
964.,Kingdom Rush Vengeance,"8,497",488,"8,985",91.69%
965.,Duck Detective: The Secret Salami,"3,376",156,"3,532",91.69%
966.,Notch - The Innocent LunA: Eclipsed SinnerS,"3,044",136,"3,180",91.69%
967.,The Coma 2: Vicious Sisters,"2,874",126,"3,000",91.69%
968.,Progressbar95,"2,446",101,"2,547",91.69%
969.,Love Delivery,"2,234",89,"2,323",91.69%
970.,inbento,"1,175",33,"1,208",91.69%
971.,沉睡的法则 Things as They Are,"1,051",27,"1,078",91.69%
972.,Higurashi When They Cry Hou - Ch.3 Tatarigoroshi,830,17,847,91.69%
973.,Spec Ops: The Line,"50,400","3,614","54,014",91.68%
974.,Skul: The Hero Slayer,"48,896","3,500","52,396",91.68%
975.,Five Nights at Freddy's,"46,599","3,319","49,918",91.68%
976.,Mandagon,"5,330",279,"5,609",91.68%
977.,NEKOPARA Vol. 0,"16,347","1,044","17,391",91.67%
978.,Griftlands,"12,825",791,"13,616",91.67%
979.,Learn to Fly 3,"9,109",532,"9,641",91.67%
980.,Chronicon,"8,600",497,"9,097",91.67%
981.,BirdGut,"4,524",228,"4,752",91.67%
982.,TCG Card Shop Simulator: Prologue,"2,436",101,"2,537",91.67%
983.,News Tower,"1,545",52,"1,597",91.67%
984.,1000xRESIST,"1,311",40,"1,351",91.67%
985.,My Sticker Book,"1,210",35,"1,245",91.67%
986.,Touhou Artificial Dream in Arcadia,733,13,746,91.67%
987.,Library Of Ruina,"27,084","1,840","28,924",91.66%
988.,SYNTHETIK,"11,769",719,"12,488",91.66%
989.,Liftoff,"9,016",527,"9,543",91.66%
990.,The Good Time Garden,"2,428",101,"2,529",91.66%
991.,Unavowed,"2,164",86,"2,250",91.66%
992.,Cookard,"1,147",32,"1,179",91.66%
993.,Scalak,934,22,956,91.66%
994.,The Zachtronics Solitaire Collection,608,8,616,91.66%
995.,killer7,"2,853",126,"2,979",91.65%
996.,学生时代：序章,631,9,640,91.65%
997.,HIDDEN CATS: The last of cats,528,5,533,91.65%
998.,60 Seconds! Reatomized,"14,336",905,"15,241",91.64%
999.,Cat Goes Fishing,"11,744",719,"12,463",91.64%
1000.,GemCraft - Chasing Shadows,"3,801",184,"3,985",91.64%
